{"t": [0.0, 0.0, 0.0, 0.0, 0.0, 15000.0, 30000.0, 30000.0, 30000.0, 30000.0, 30000.0], "c": [0.0, 3750.0, 11580.710135091333, 19605.389999881998, 28025.813843451542, 32471.754979475256, 32471.754979475256, 32471.754979475256, 32471.754979475256, 32471.754979475256, 32471.754979475256], "k": 4}