{"t": [0.0, 0.0, 0.0, 0.0, 0.0, 15000.0, 31000.0, 33000.0, 35000.0, 37000.0, 37000.0, 37000.0, 37000.0, 37000.0], "c": [0.0, 3750.0, 11714.13361243935, 20433.543193997553, 30634.423826822967, 37534.466736867245, 39720.34829918416, 41694.18105189189, 43411.063702777574, 43411.063702777574, 43411.063702777574, 43411.063702777574, 43411.063702777574, 43411.063702777574], "k": 4}